<?xml version="1.0" encoding="UTF-8" standalone="no"?><IPS><Ips><Ip><DirIp>103.203.183.255</DirIp><Ciudadad>Bärnbach</Ciudadad><codePostal>8572</codePostal><Capital>Vienna</Capital><DirIp>195.57.104.118</DirIp><Ciudadad>Jaén</Ciudadad><codePostal>23009</codePostal><Capital>Madrid</Capital><DirIp>103.203.183.255</DirIp><Ciudadad>Bärnbach</Ciudadad><codePostal>8572</codePostal><Capital>Vienna</Capital><DirIp>103.203.183.255</DirIp><Ciudadad>Bärnbach</Ciudadad><codePostal>8572</codePostal><Capital>Vienna</Capital><DirIp>103.203.183.255</DirIp><Ciudadad>Bärnbach</Ciudadad><codePostal>8572</codePostal><Capital>Vienna</Capital><DirIp>103.203.183.255</DirIp><Ciudadad>Bärnbach</Ciudadad><codePostal>8572</codePostal><Capital>Vienna</Capital></Ip></Ips></IPS>